{"center": [0.0, 0.0, 0.0, 0.0, 0.0, 0.0, 0.0, 0.0, 0.0, 0.0, 0.0, 0.0, 0.0, 3.690347909927368, 0.0, 2.230375051498413, 0.15419599413871765, 0.0, 0.0, 0.2718159854412079, 0.0, 0.0, 0.0, 0.0, 0.0, 0.0, 0.0, 0.0, 0.0, 0.0, 0.0, 0.0, 0.0, 0.0, 0.0, 0.0, 0.0, 0.0, 0.0, 0.0, 0.0, 1.0, 0.0, 0.0, 0.0, 0.0, 0.0, 0.0, 0.0, 0.0, 0.0, 0.0, 0.0, 0.0, 0.0, 0.0, 0.0, 0.0, 20.0, 0.0, 24.0, 0.0, 0.0, 0.0, 0.0, 0.0, 0.0, 0.0, 0.0, 0.0, 0.0, 0.0, 0.0, 0.0], "scale": [30715.5, 4.0, 4.0, 320.0, 312.0, 1.0, 4.0, 1.0, 1.0, 1.0, 5.0, 1.0, 1.0, 4.911655902862549, 2.0378785133361816, 3.926403045654297, 1.9120299816131592, 1.0, 121212.125, 0.8536710143089294, 0.01695401407778263, 1.0, 2.0, 1.0, 1.0, 1.0, 1.0, 3.0, 16.005821228027344, 1.0, 1.0, 1.0, 1.0, 0.4343625009059906, 1.0, 1.0, 1.0, 1.0, 1.0, 1.0, 1.0, 4.0, 1.0, 1.0, 0.00011100000119768083, 1.0, 1.0, 31.0, 29.0, 59.0, 91.0, 1.0, 1.0, 1.0, 1.0, 1.0, 1.0, 1.0, 99.0, 1.0, 100.0, 1.0, 1.0, 1.0, 1.0, 1.0, 1.0, 1.0, 1.0, 1.0, 255.0, 229.0, 1.0, 1.0]}